Method,K,Mean,Std,Min,Max,N
Single-Subject PPO,5,0.5666638597324707,0.12513798453955738,0.2952755905511811,0.8163265306122449,16
Single-Subject PPO,10,0.5629870845172846,0.13835856942896893,0.36421725239616615,0.8956228956228957,16
Single-Subject PPO,20,0.628182858926523,0.14588093934815533,0.36303630363036304,0.9094076655052264,16
Single-Subject PPO,50,0.646455586861618,0.14516392031319092,0.43223443223443225,0.9260700389105059,16
