Method,K,Mean,Std,N
Subject-Conditioned (NEW),5,0.6937954930216894,0.1289210033971446,16
Subject-Conditioned (NEW),10,0.6943659595649885,0.12895152351380706,16
Subject-Conditioned (NEW),20,0.6931332321413021,0.13275517125046724,16
Subject-Conditioned (NEW),50,0.694762786647924,0.12939362459578452,16
