Method,K,Mean,Std,Min,Max,N
Single-Subject PPO,5,0.6581031315095942,0.11595858577663959,0.4937106918238994,0.9081632653061225,16
Single-Subject PPO,10,0.68340371720363,0.13966437652769537,0.4728434504792332,0.9393939393939394,16
Single-Subject PPO,20,0.6822065997671318,0.13552344599253,0.49693251533742333,0.9372822299651568,16
Single-Subject PPO,50,0.6718401775470171,0.13670112785710348,0.47368421052631576,0.9299610894941635,16
