Method,K,Mean,Std,N
Subject-Conditioned (NEW),5,0.6983552534763557,0.13120521762709855,16
Subject-Conditioned (NEW),10,0.6980388294478128,0.13228380786290111,16
Subject-Conditioned (NEW),20,0.6956502549803019,0.13089508665107102,16
Subject-Conditioned (NEW),50,0.6991251349302183,0.12981660747602636,16
