Method,K,Mean,Std,Min,Max,N
Single-Subject PPO,5,0.5883694577487268,0.1392158859428989,0.3742138364779874,0.8267716535433071,16
Single-Subject PPO,10,0.643161544481569,0.15759155703395686,0.43130990415335463,0.9057239057239057,16
Single-Subject PPO,20,0.6564689550007493,0.15517273165348383,0.40924092409240925,0.9233449477351916,16
Single-Subject PPO,50,0.6612914607483975,0.14338584273857857,0.46494464944649444,0.9299610894941635,16
