Method,K,Mean,Std,N
Subject-Conditioned (NEW),5,0.6931857219039487,0.12866692863898577,16
Subject-Conditioned (NEW),10,0.6983602478334558,0.12990032149700373,16
Subject-Conditioned (NEW),20,0.6972025691451561,0.13333623983836226,16
Subject-Conditioned (NEW),50,0.6940478095704441,0.132255130564223,16
